,precision,recall,f1-score,support
com_doenca,1.0,0.9375,0.967741935483871,16.0
sem_doenca,0.8888888888888888,1.0,0.9411764705882353,8.0
accuracy,0.9583333333333334,0.9583333333333334,0.9583333333333334,0.9583333333333334
macro avg,0.9444444444444444,0.96875,0.9544592030360531,24.0
weighted avg,0.9629629629629629,0.9583333333333334,0.9588867805186592,24.0
